Table,Type,Name,Details
users,Column,id,SERIAL PRIMARY KEY
users,Column,code,VARCHAR(20) NOT NULL UNIQUE
users,Column,password,VARCHAR(150) NOT NULL
users,Column,first_name,VARCHAR(150) NOT NULL
users,Column,last_name,VARCHAR(150) NOT NULL
users,Column,email,VARCHAR(150) NOT NULL UNIQUE
users,Column,default_group,INTEGER NOT NULL
users,Column,active,BOOLEAN NOT NULL DEFAULT TRUE
users,Column,phone,VARCHAR(50)
users,Foreign Key,default_group,REFERENCES "groups"(id)
"groups",Column,id,SERIAL PRIMARY KEY
"groups",Column,code,VARCHAR(20) NOT NULL UNIQUE
"groups",Column,title,VARCHAR(150) NOT NULL
"groups",Column,active,BOOLEAN NOT NULL DEFAULT TRUE
roles,Column,id,SERIAL PRIMARY KEY
roles,Column,code,VARCHAR(20) NOT NULL UNIQUE
roles,Column,title,VARCHAR(150) NOT NULL
roles,Column,owner_user,INTEGER NOT NULL
roles,Column,owner_group,INTEGER NOT NULL
roles,Column,create_user,INTEGER NOT NULL
roles,Column,update_user,INTEGER NOT NULL
roles,Column,delete_user,INTEGER
roles,Column,create_timestamp,TIMESTAMP NOT NULL DEFAULT CURRENT_TIMESTAMP
roles,Column,update_timestamp,TIMESTAMP NOT NULL
roles,Column,delete_timestamp,TIMESTAMP
roles,Column,active,BOOLEAN NOT NULL DEFAULT TRUE
roles,Foreign Key,owner_user,REFERENCES users(id)
roles,Foreign Key,owner_group,REFERENCES "groups"(id)
roles,Foreign Key,create_user,REFERENCES users(id)
roles,Foreign Key,update_user,REFERENCES users(id)
roles,Foreign Key,delete_user,REFERENCES users(id)
role_permissions,Column,id,SERIAL PRIMARY KEY
role_permissions,Column,parent_id,INTEGER NOT NULL
role_permissions,Column,permission,VARCHAR(50) NOT NULL
role_permissions,Column,operation,VARCHAR(50) NOT NULL
role_permissions,Column,level,VARCHAR(1)
role_permissions,Column,create_user,INTEGER NOT NULL
role_permissions,Column,update_user,INTEGER NOT NULL
role_permissions,Column,create_timestamp,TIMESTAMP NOT NULL DEFAULT CURRENT_TIMESTAMP
role_permissions,Column,update_timestamp,TIMESTAMP NOT NULL
role_permissions,Column,unique_constraint,UNIQUE (parent_id, permission, operation)
role_permissions,Foreign Key,parent_id,REFERENCES roles(id)
role_permissions,Foreign Key,create_user,REFERENCES users(id)
role_permissions,Foreign Key,update_user,REFERENCES users(id)
user_roles,Column,id,SERIAL PRIMARY KEY
user_roles,Column,parent_id,INTEGER NOT NULL
user_roles,Column,child_id,INTEGER NOT NULL
user_roles,Column,create_user,INTEGER NOT NULL
user_roles,Column,create_timestamp,TIMESTAMP NOT NULL DEFAULT CURRENT_TIMESTAMP
user_roles,Column,unique_constraint,UNIQUE (parent_id, child_id)
user_roles,Foreign Key,parent_id,REFERENCES users(id)
user_roles,Foreign Key,child_id,REFERENCES roles(id)
user_roles,Foreign Key,create_user,REFERENCES users(id)
user_groups,Column,id,SERIAL PRIMARY KEY
user_groups,Column,parent_id,INTEGER NOT NULL
user_groups,Column,child_id,INTEGER NOT NULL
user_groups,Column,create_user,INTEGER NOT NULL
user_groups,Column,create_timestamp,TIMESTAMP NOT NULL DEFAULT CURRENT_TIMESTAMP
user_groups,Column,unique_constraint,UNIQUE (parent_id, child_id)
user_groups,Foreign Key,parent_id,REFERENCES users(id)
user_groups,Foreign Key,child_id,REFERENCES "groups"(id)
user_groups,Foreign Key,create_user,REFERENCES users(id)
user_page_options,Column,id,SERIAL PRIMARY KEY
user_page_options,Column,user_code,VARCHAR(50) NOT NULL
user_page_options,Column,page_code,VARCHAR(200) NOT NULL
user_page_options,Column,option_key,VARCHAR(200) NOT NULL
user_page_options,Column,option_value,TEXT
user_page_options,Column,unique_constraint,UNIQUE (user_code, page_code, option_key)
persones,Column,id,SERIAL PRIMARY KEY
persones,Column,genere,VARCHAR(1)
persones,Column,nom,VARCHAR(100) NOT NULL
persones,Column,cognoms,VARCHAR(100)
persones,Column,email,VARCHAR(150)
persones,Column,telefon,VARCHAR(50)
persones,Column,butlleti,SMALLINT
persones,Column,owner_user,INTEGER NOT NULL
persones,Column,owner_group,INTEGER NOT NULL
persones,Column,create_user,INTEGER NOT NULL
persones,Column,update_user,INTEGER NOT NULL
persones,Column,delete_user,INTEGER
persones,Column,create_timestamp,TIMESTAMP NOT NULL DEFAULT CURRENT_TIMESTAMP
persones,Column,update_timestamp,TIMESTAMP NOT NULL
persones,Column,delete_timestamp,TIMESTAMP
persones,Column,active,BOOLEAN NOT NULL DEFAULT TRUE
persones,Column,no_rebre_info,SMALLINT
persones,Foreign Key,owner_user,REFERENCES users(id)
persones,Foreign Key,owner_group,REFERENCES "groups"(id)
persones,Foreign Key,create_user,REFERENCES users(id)
persones,Foreign Key,update_user,REFERENCES users(id)
persones,Foreign Key,delete_user,REFERENCES users(id)
estats_habitatge,Column,id,SERIAL PRIMARY KEY
estats_habitatge,Column,nom,VARCHAR(50) NOT NULL UNIQUE
estats_habitatge,Column,nom_es,VARCHAR(50)
estats_habitatge,Column,owner_user,INTEGER NOT NULL
estats_habitatge,Column,owner_group,INTEGER NOT NULL
estats_habitatge,Column,create_user,INTEGER NOT NULL
estats_habitatge,Column,update_user,INTEGER NOT NULL
estats_habitatge,Column,delete_user,INTEGER
estats_habitatge,Column,create_timestamp,TIMESTAMP NOT NULL DEFAULT CURRENT_TIMESTAMP
estats_habitatge,Column,update_timestamp,TIMESTAMP NOT NULL
estats_habitatge,Column,delete_timestamp,TIMESTAMP
estats_habitatge,Column,active,BOOLEAN NOT NULL DEFAULT TRUE
estats_habitatge,Foreign Key,owner_user,REFERENCES users(id)
estats_habitatge,Foreign Key,owner_group,REFERENCES "groups"(id)
estats_habitatge,Foreign Key,create_user,REFERENCES users(id)
estats_habitatge,Foreign Key,update_user,REFERENCES users(id)
estats_habitatge,Foreign Key,delete_user,REFERENCES users(id)
provincies,Column,id,SERIAL PRIMARY KEY
provincies,Column,codi,VARCHAR(2) NOT NULL UNIQUE
provincies,Column,nom,VARCHAR(100) NOT NULL
provincies,Column,owner_user,INTEGER NOT NULL
provincies,Column,owner_group,INTEGER NOT NULL
provincies,Column,create_user,INTEGER NOT NULL
provincies,Column,update_user,INTEGER NOT NULL
provincies,Column,delete_user,INTEGER
provincies,Column,create_timestamp,TIMESTAMP NOT NULL DEFAULT CURRENT_TIMESTAMP
provincies,Column,update_timestamp,TIMESTAMP NOT NULL
provincies,Column,delete_timestamp,TIMESTAMP
provincies,Column,active,BOOLEAN NOT NULL DEFAULT TRUE
provincies,Foreign Key,owner_user,REFERENCES users(id)
provincies,Foreign Key,owner_group,REFERENCES "groups"(id)
provincies,Foreign Key,create_user,REFERENCES users(id)
provincies,Foreign Key,update_user,REFERENCES users(id)
provincies,Foreign Key,delete_user,REFERENCES users(id)
municipis,Column,id,SERIAL PRIMARY KEY
municipis,Column,nom,VARCHAR(200) NOT NULL UNIQUE
municipis,Column,provincia,INTEGER NOT NULL
municipis,Column,owner_user,INTEGER NOT NULL
municipis,Column,owner_group,INTEGER NOT NULL
municipis,Column,create_user,INTEGER NOT NULL
municipis,Column,update_user,INTEGER NOT NULL
municipis,Column,delete_user,INTEGER
municipis,Column,create_timestamp,TIMESTAMP NOT NULL DEFAULT CURRENT_TIMESTAMP
municipis,Column,update_timestamp,TIMESTAMP NOT NULL
municipis,Column,delete_timestamp,TIMESTAMP
municipis,Column,active,BOOLEAN NOT NULL DEFAULT TRUE
municipis,Foreign Key,provincia,REFERENCES provincies(id)
municipis,Foreign Key,owner_user,REFERENCES users(id)
municipis,Foreign Key,owner_group,REFERENCES "groups"(id)
municipis,Foreign Key,create_user,REFERENCES users(id)
municipis,Foreign Key,update_user,REFERENCES users(id)
municipis,Foreign Key,delete_user,REFERENCES users(id)
empreses,Column,id,SERIAL PRIMARY KEY
empreses,Column,cif,VARCHAR(20) UNIQUE
empreses,Column,nom,VARCHAR(100) NOT NULL
empreses,Column,api,SMALLINT
empreses,Column,web,VARCHAR(200)
empreses,Column,email,TEXT
empreses,Column,telefon,VARCHAR(50)
empreses,Column,google_id,VARCHAR(400)
empreses,Column,adreca,VARCHAR(400)
empreses,Column,nom_via,VARCHAR(200)
empreses,Column,numero,VARCHAR(20)
empreses,Column,escala,VARCHAR(10)
empreses,Column,pis,VARCHAR(10)
empreses,Column,porta,VARCHAR(10)
empreses,Column,complement,VARCHAR(50)
empreses,Column,municipi,INTEGER
empreses,Column,codi_postal,VARCHAR(5)
empreses,Column,owner_user,INTEGER NOT NULL
empreses,Column,owner_group,INTEGER NOT NULL
empreses,Column,create_user,INTEGER NOT NULL
empreses,Column,update_user,INTEGER NOT NULL
empreses,Column,delete_user,INTEGER
empreses,Column,create_timestamp,TIMESTAMP NOT NULL DEFAULT CURRENT_TIMESTAMP
empreses,Column,update_timestamp,TIMESTAMP NOT NULL
empreses,Column,delete_timestamp,TIMESTAMP
empreses,Column,active,BOOLEAN NOT NULL DEFAULT TRUE
empreses,Column,web_info_empresa,VARCHAR(200)
empreses,Column,entramat,INTEGER
empreses,Column,descripcio,TEXT
empreses,Foreign Key,municipi,REFERENCES municipis(id)
empreses,Foreign Key,entramat,REFERENCES entramats(id)
empreses,Foreign Key,owner_user,REFERENCES users(id)
empreses,Foreign Key,owner_group,REFERENCES "groups"(id)
empreses,Foreign Key,create_user,REFERENCES users(id)
empreses,Foreign Key,update_user,REFERENCES users(id)
empreses,Foreign Key,delete_user,REFERENCES users(id)
pisos,Column,id,SERIAL PRIMARY KEY
pisos,Column,adreca,VARCHAR(400) NOT NULL
pisos,Column,bloc,INTEGER NOT NULL
pisos,Column,escala,VARCHAR(10)
pisos,Column,pis,VARCHAR(50)
pisos,Column,porta,VARCHAR(10)
pisos,Column,complement,VARCHAR(50)
pisos,Column,estat,INTEGER
pisos,Column,superficie,NUMERIC(3,0)
pisos,Column,num_habitacions,NUMERIC(2,0)
pisos,Column,cedula_habitabilitat,VARCHAR(1)
pisos,Column,certificat_energetic,VARCHAR(1)
pisos,Column,buit,VARCHAR(1)
pisos,Column,data_buit,TIMESTAMP
pisos,Column,api,INTEGER
pisos,Column,propietat,INTEGER
pisos,Column,owner_user,INTEGER NOT NULL
pisos,Column,owner_group,INTEGER NOT NULL
pisos,Column,create_user,INTEGER NOT NULL
pisos,Column,update_user,INTEGER NOT NULL
pisos,Column,delete_user,INTEGER
pisos,Column,create_timestamp,TIMESTAMP NOT NULL DEFAULT CURRENT_TIMESTAMP
pisos,Column,update_timestamp,TIMESTAMP NOT NULL
pisos,Column,delete_timestamp,TIMESTAMP
pisos,Column,active,BOOLEAN NOT NULL DEFAULT TRUE
pisos,Column,propietat_ultima_actualitzacio,TIMESTAMP
pisos,Column,propietat_any_actualitzacio,NUMERIC(4,0)
pisos,Foreign Key,bloc,REFERENCES blocs(id)
pisos,Foreign Key,estat,REFERENCES estats_habitatge(id)
pisos,Foreign Key,api,REFERENCES empresas(id)
pisos,Foreign Key,propietat,REFERENCES empresas(id)
pisos,Foreign Key,owner_user,REFERENCES users(id)
pisos,Foreign Key,owner_group,REFERENCES "groups"(id)
pisos,Foreign Key,create_user,REFERENCES users(id)
pisos,Foreign Key,update_user,REFERENCES users(id)
pisos,Foreign Key,delete_user,REFERENCES users(id)
blocs,Column,id,SERIAL PRIMARY KEY
blocs,Column,google_id,VARCHAR(400) NOT NULL
blocs,Column,adreca,VARCHAR(400) NOT NULL
blocs,Column,nom_via,VARCHAR(200) NOT NULL
 precision blocs,Column,numero,VARCHAR(20) NOT NULL
blocs,Column,municipi,INTEGER NOT NULL
blocs,Column,codi_postal,VARCHAR(5) NOT NULL
blocs,Column,estat,INTEGER
blocs,Column,any_construccio,NUMERIC(4,0)
blocs,Column,num_habitatges,NUMERIC(3,0)
blocs,Column,num_locals,NUMERIC(3,0)
blocs,Column,propietat_vertical,VARCHAR(1)
blocs,Column,ascensor,VARCHAR(1)
blocs,Column,parquing,VARCHAR(1)
blocs,Column,buit,VARCHAR(1)
blocs,Column,data_buit,TIMESTAMP
blocs,Column,api,INTEGER
blocs,Column,propietat,INTEGER
blocs,Column,owner_user,INTEGER NOT NULL
blocs,Column,owner_group,INTEGER NOT NULL
blocs,Column,create_user,INTEGER NOT NULL
blocs,Column,update_user,INTEGER NOT NULL
blocs,Column,delete_user,INTEGER
blocs,Column,create_timestamp,TIMESTAMP NOT NULL DEFAULT CURRENT_TIMESTAMP
blocs,Column,update_timestamp,TIMESTAMP NOT NULL
blocs,Column,delete_timestamp,TIMESTAMP
blocs,Column,active,BOOLEAN NOT NULL DEFAULT TRUE
blocs,Column,superficie,NUMERIC(5,0)
blocs,Column,propietat_ultima_actualitzacio,TIMESTAMP
blocs,Column,propietat_any_actualitzacio,NUMERIC(4,0)
blocs,Column,observacions,VARCHAR(200)
blocs,Column,hpo,VARCHAR(1)
blocs,Column,data_fi_hpo,TIMESTAMP
blocs,Foreign Key,municipi,REFERENCES municipis(id)
blocs,Foreign Key,estat,REFERENCES estats_habitatge(id)
blocs,Foreign Key,api,REFERENCES empresas(id)
blocs,Foreign Key,propietat,REFERENCES empresas(id)
blocs,Foreign Key,owner_user,REFERENCES users(id)
blocs,Foreign Key,owner_group,REFERENCES "groups"(id)
blocs,Foreign Key,create_user,REFERENCES users(id)
blocs,Foreign Key,update_user,REFERENCES users(id)
blocs,Foreign Key,delete_user,REFERENCES users(id)
agrupacions_blocs,Column,id,SERIAL PRIMARY KEY
agrupacions_blocs,Column,nom,VARCHAR(200) NOT NULL UNIQUE
agrupacions_blocs,Column,propietat,INTEGER NOT NULL
agrupacions_blocs,Column,owner_user,INTEGER NOT NULL
agrupacions_blocs,Column,owner_group,INTEGER NOT NULL
agrupacions_blocs,Column,create_user,INTEGER NOT NULL
agrupacions_blocs,Column,update_user,INTEGER NOT NULL
agrupacions_blocs,Column,delete_user,INTEGER
agrupacions_blocs,Column,create_timestamp,TIMESTAMP NOT NULL DEFAULT CURRENT_TIMESTAMP
agrupacions_blocs,Column,update_timestamp,TIMESTAMP NOT NULL
agrupacions_blocs,Column,delete_timestamp,TIMESTAMP
agrupacions_blocs,Column,active,BOOLEAN NOT NULL DEFAULT TRUE
agrupacions_blocs,Column,api,INTEGER
agrupacions_blocs,Column,propietat_any_actualitzacio,NUMERIC(4,0)
agrupacions_blocs,Foreign Key,propietat,REFERENCES empresas(id)
agrupacions_blocs,Foreign Key,api,REFERENCES empresas(id)
agrupacions_blocs,Foreign Key,owner_user,REFERENCES users(id)
agrupacions_blocs,Foreign Key,owner_group,REFERENCES "groups"(id)
agrupacions_blocs,Foreign Key,create_user,REFERENCES users(id)
agrupacions_blocs,Foreign Key,update_user,REFERENCES users(id)
agrupacions_blocs,Foreign Key,delete_user,REFERENCES users(id)
blocs_agrupacio_blocs,Column,id,SERIAL PRIMARY KEY
blocs_agrupacio_blocs,Column,parent_id,INTEGER NOT NULL
blocs_agrupacio_blocs,Column,bloc,INTEGER NOT NULL
blocs_agrupacio_blocs,Column,create_user,INTEGER NOT NULL
blocs_agrupacio_blocs,Column,update_user,INTEGER NOT NULL
blocs_agrupacio_blocs,Column,create_timestamp,TIMESTAMP NOT NULL DEFAULT CURRENT_TIMESTAMP
blocs_agrupacio_blocs,Column,update_timestamp,TIMESTAMP NOT NULL
blocs_agrupacio_blocs,Column,unique_constraint,UNIQUE (parent_id, bloc)
blocs_agrupacio_blocs,Foreign Key,parent_id,REFERENCES agrupacions_blocs(id)
blocs_agrupacio_blocs,Foreign Key,bloc,REFERENCES blocs(id)
blocs_agrupacio_blocs,Foreign Key,create_user,REFERENCES users(id)
blocs_agrupacio_blocs,Foreign Key,update_user,REFERENCES users(id)
blocs_entramat,Column,id,SERIAL PRIMARY KEY
blocs_entramat,Column,parent_id,INTEGER NOT NULL
blocs_entramat,Column,child_id,INTEGER NOT NULL
blocs_entramat,Column,create_user,INTEGER NOT NULL
blocs_entramat,Column,create_timestamp,TIMESTAMP NOT NULL DEFAULT CURRENT_TIMESTAMP
blocs_entramat,Column,unique_constraint,UNIQUE (parent_id, child_id)
blocs_entramat,Foreign Key,parent_id,REFERENCES entramats(id)
blocs_entramat,Foreign Key,child_id,REFERENCES blocs(id)
blocs_entramat,Foreign Key,create_user,REFERENCES users(id)
blocs_importats,Column,id,SERIAL PRIMARY KEY
blocs_importats,Column,status,VARCHAR(50) NOT NULL
blocs_importats,Column,nom_via_original,VARCHAR(200)
blocs_importats,Column,numero_original,VARCHAR(20)
blocs_importats,Column,municipi_original,VARCHAR(200)
blocs_importats,Column,codi_postal_original,VARCHAR(5)
blocs_importats,Column,adreca_original,VARCHAR(400)
blocs_importats,Column,google_id,VARCHAR(400)
blocs_importats,Column,adreca,VARCHAR(400)
blocs_importats,Column,nom_via,VARCHAR(200)
blocs_importats,Column,numero,VARCHAR(20)
blocs_importats,Column,municipi,INTEGER
blocs_importats,Column,codi_postal,VARCHAR(5)
blocs_importats,Column,estat,INTEGER
blocs_importats,Column,any_construccio,NUMERIC(4,0)
blocs_importats,Column,num_habitatges,NUMERIC(3,0)
blocs_importats,Column,num_locals,NUMERIC(3,0)
blocs_importats,Column,propietat_vertical,VARCHAR(1)
blocs_importats,Column,superficie,NUMERIC(5,0)
blocs_importats,Column,ascensor,VARCHAR(1)
blocs_importats,Column,parquing,VARCHAR(1)
blocs_importats,Column,buit,VARCHAR(1)
blocs_importats,Column,data_buit,TIMESTAMP
blocs_importats,Column,cif_api_original,VARCHAR(20)
blocs_importats,Column,api_original,VARCHAR(200)
blocs_importats,Column,cif_propietat_original,VARCHAR(20)
blocs_importats,Column,propietat_original,VARCHAR(200)
blocs_importats,Column,api,INTEGER
blocs_importats,Column,propietat,INTEGER
blocs_importats,Column,owner_user,INTEGER NOT NULL
blocs_importats,Column,owner_group,INTEGER NOT NULL
blocs_importats,Column,create_user stuffing_user,INTEGER NOT NULL
blocs_importats,Column,update_user,INTEGER NOT NULL
blocs_importats,Column,delete_user,INTEGER
blocs_importats,Column,create_timestamp,TIMESTAMP NOT NULL DEFAULT CURRENT_TIMESTAMP
blocs_importats,Column,update_timestamp,TIMESTAMP NOT NULL
blocs_importats,Column,delete_timestamp,TIMESTAMP
blocs_importats,Column,active,BOOLEAN NOT NULL DEFAULT TRUE
blocs_importats,Column,propietat_ultima_actualitzacio,TIMESTAMP
blocs_importats,Foreign Key,api,REFERENCES empresas(id)
blocs_importats,Foreign Key,propietat,REFERENCES empresas(id)
blocs_importats,Foreign Key,municipi,REFERENCES municipis(id)
blocs_importats,Foreign Key,estat,REFERENCES estats_habitatge(id)
blocs_importats,Foreign Key,owner_user,REFERENCES users(id)
blocs_importats,Foreign Key,owner_group,REFERENCES "groups"(id)
blocs_importats,Foreign Key,create_user,REFERENCES users(id)
blocs_importats,Foreign Key,update_user,REFERENCES users(id)
blocs_importats,Foreign Key,delete_user,REFERENCES users(id)
comissions,Column,id,SERIAL PRIMARY KEY
comissions,Column,nom,VARCHAR(50) NOT NULL UNIQUE
comissions,Column,owner_user,INTEGER NOT NULL
comissions,Column,owner_group,INTEGER NOT NULL
comissions,Column,create_user,INTEGER NOT NULL
comissions,Column,update_user,INTEGER NOT NULL
comissions,Column,delete_user,INTEGER
comissions,Column,create_timestamp,TIMESTAMP NOT NULL DEFAULT CURRENT_TIMESTAMP
comissions,Column,update_timestamp,TIMESTAMP NOT NULL
comissions,Column,delete_timestamp,TIMESTAMP
comissions,Column,active,BOOLEAN NOT NULL DEFAULT TRUE
comissions,Foreign Key,owner_user,REFERENCES users(id)
comissions,Foreign Key,owner_group,REFERENCES "groups"(id)
comissions,Foreign Key,create_user,REFERENCES users(id)
comissions,Foreign Key,update_user,REFERENCES users(id)
comissions,Foreign Key,delete_user,REFERENCES users(id)
nivells_participacio,Column,id,SERIAL PRIMARY KEY
nivells_participacio,Column,nom,VARCHAR(50) NOT NULL UNIQUE
nivells_participacio,Column,owner_user,INTEGER NOT NULL
nivells_participacio,Column,owner_group,INTEGER NOT NULL
nivells_participacio,Column,create_user,INTEGER NOT NULL
nivells_participacio,Column,update_user,INTEGER NOT NULL
nivells_participacio,Column,delete_user,INTEGER
nivells_participacio,Column,create_timestamp,TIMESTAMP NOT NULL DEFAULT CURRENT_TIMESTAMP
nivells_participacio,Column,update_timestamp,TIMESTAMP NOT NULL
nivells_participacio,Column,delete_timestamp,TIMESTAMP
nivells_participacio,Column,active,BOOLEAN NOT NULL DEFAULT TRUE
nivells_participacio,Foreign Key,owner_user,REFERENCES users(id)
nivells_participacio,Foreign Key,owner_group,REFERENCES "groups"(id)
nivells_participacio,Foreign Key,create_user,REFERENCES users(id)
nivells_participacio,Foreign Key,update_user,REFERENCES users(id)
nivells_participacio,Foreign Key,delete_user,REFERENCES users(id)
origens_afiliacio,Column,id,SERIAL PRIMARY KEY
origens_afiliacio,Column,nom,VARCHAR(50) NOT NULL UNIQUE
origens_afiliacio,Column,owner_user,INTEGER NOT NULL
origens_afiliacio,Column,owner_group,INTEGER NOT NULL
origens_afiliacio,Column,create_user,INTEGER NOT NULL
origens_afiliacio,Column,update_user,INTEGER NOT NULL
origens_afiliacio,Column,delete_user,INTEGER
origens_afiliacio,Column,create_timestamp,TIMESTAMP NOT NULL DEFAULT CURRENT_TIMESTAMP
origens_afiliacio,Column,update_timestamp,TIMESTAMP NOT NULL
origens_afiliacio,Column,delete_timestamp,TIMESTAMP
origens_afiliacio,Column,active,BOOLEAN NOT NULL DEFAULT TRUE
origens_afiliacio,Foreign Key,owner_user,REFERENCES users(id)
origens_afiliacio,Foreign Key,owner_group,REFERENCES "groups"(id)
origens_afiliacio,Foreign Key,create_user,REFERENCES users(id)
origens_afiliacio,Foreign Key,update_user,REFERENCES users(id)
origens_afiliacio,Foreign Key,delete_user,REFERENCES users(id)
tipus_sseguiment,Column,id,SERIAL PRIMARY KEY
tipus_sseguiment,Column,nom,VARCHAR(50) NOT NULL UNIQUE
tipus_sseguiment,Column,owner_user,INTEGER NOT NULL
tipus_sseguiment,Column,owner_group,INTEGER NOT NULL
tipus_sseguiment,Column,create_user,INTEGER NOT NULL
tipus_sseguiment,Column,update_user,INTEGER NOT NULL
tipus_sseguiment,Column,delete_user,INTEGER
tipus_sseguiment,Column,create_timestamp,TIMESTAMP NOT NULL DEFAULT CURRENT_TIMESTAMP
tipus_sseguiment,Column,update_timestamp,TIMESTAMP NOT NULL
tipus_sseguiment,Column,delete_timestamp,TIMESTAMP
tipus_sseguiment,Column,active,BOOLEAN NOT NULL DEFAULT TRUE
tipus_sseguiment,Foreign Key,owner_user,REFERENCES users(id)
tipus_sseguiment,Foreign Key,owner_group,REFERENCES "groups"(id)
tipus_sseguiment,Foreign Key,create_user,REFERENCES users(id)
tipus_sseguiment,Foreign Key,update_user,REFERENCES users(id)
tipus_sseguiment,Foreign Key,delete_user,REFERENCES users(id)
seccions_sindicals,Column,id,SERIAL PRIMARY KEY
seccions_sindicals,Column,nom,VARCHAR(50) NOT NULL UNIQUE
seccions_sindicals,Column,owner_user,INTEGER NOT NULL
seccions_sindicals,Column,owner_group,INTEGER NOT NULL
seccions_sindicals,Column,create_user,INTEGER NOT NULL
seccions_sindicals,Column,update_user,INTEGER NOT NULL
seccions_sindicals,Column,delete_user,INTEGER
seccions_sindicals,Column,create_timestamp,TIMESTAMP NOT NULL DEFAULT CURRENT_TIMESTAMP
seccions_sindicals,Column,update_timestamp,TIMESTAMP NOT NULL
seccions_sindicals,Column,delete_timestamp,TIMESTAMP
seccions_sindicals,Column,active,BOOLEAN NOT NULL DEFAULT TRUE
seccions_sindicals,Column,codis_postals,VARCHAR(400)
seccions_sindicals,Foreign Key,owner_user,REFERENCES users(id)
seccions_sindicals,Foreign Key,owner_group,REFERENCES "groups"(id)
seccions_sindicals,Foreign Key,create_user,REFERENCES users(id)
seccions_sindicals,Foreign Key,update_user,REFERENCES users(id)
seccions_sindicals,Foreign Key,delete_user,REFERENCES users(id)
afiliades,Column,id,SERIAL PRIMARY KEY
afiliades,Column,cif,VARCHAR(20) NOT NULL UNIQUE
afiliades,Column,persona,INTEGER NOT NULL
afiliades,Column,status,VARCHAR(50) NOT NULL
afiliades,Column,data_alta,TIMESTAMP NOT NULL
afiliades,Column,data_baixa,TIMESTAMP
afiliades,Column,origen_afiliacio,INTEGER
afiliades,Column,nivell_participacio,INTEGER
afiliades,Column,comissio,INTEGER
afiliades,Column,forma_pagament,VARCHAR(1)
afiliades,Column,compte_corrent,VARCHAR(24)
afiliades,Column,quota,NUMERIC(5,2)
afiliades,Column,regim,VARCHAR(1)
afiliades,Column,regim_altres,VARCHAR(50)
afiliades,Column,pis,INTEGER
afiliades,Column,data_inici_contracte,TIMESTAMP
afiliades,Column,durada_contracte,NUMERIC(2,0)
afiliades,Column,renda_contracte,NUMERIC(6,2)
afiliades,Column,num_habitants,NUMERIC(2,0)
afiliades,Column,ingressos_mensuals,NUMERIC(7,2)
afiliades,Column,collectiu,INTEGER
afiliades,Column,owner_user,INTEGER NOT NULL
afiliades,Column,owner_group,INTEGER NOT NULL
afiliades,Column,create_user,INTEGER NOT NULL
afiliades,Column,update_user,INTEGER NOT NULL
afiliades,Column,delete_user,INTEGER
afiliades,Column,create_timestamp,TIMESTAMP NOT NULL DEFAULT CURRENT_TIMESTAMP
afiliades,Column,update_timestamp,TIMESTAMP NOT NULL
afiliades,Column,delete_timestamp,TIMESTAMP
afiliades,Column,active,BOOLEAN NOT NULL DEFAULT TRUE
afiliades,Column,contracte_indefinit,SMALLINT
afiliades,Column,durada_contracte_prorrogues,NUMERIC(1,0)
afiliades,Column,comentaris,TEXT
afiliades,Column,adreca_no_normalitzada,SMALLINT
afiliades,Column,adreca_no_normalitzada_text,VARCHAR(400)
afiliades,Column,frequencia_pagament,VARCHAR(1)
afiliades,Column,seccio_sindical,INTEGER NOT NULL
afiliades,Column,data_seguiment,TIMESTAMP
afiliades,Column,tipus_seguiment,INTEGER
afiliades,Column,observacions_estat,TEXT
afiliades,Foreign Key,persona,REFERENCES persones(id)
afiliades,Foreign Key,origen_afiliacio,REFERENCES origens_afiliacio(id)
afiliades,Foreign Key,nivell_participacio,REFERENCES nivells_participacio(id)
afiliades,Foreign Key,comissio,REFERENCES comissions(id)
afiliades,Foreign Key,pis,REFERENCES pisos(id)
afiliades,Foreign Key,collectiu,REFERENCES collectius(id)
afiliades,Foreign Key,owner_user,REFERENCES users(id)
afiliades,Foreign Key,owner_group,REFERENCES "groups"(id)
afiliades,Foreign Key,create_user,REFERENCES users(id)
afiliades,Foreign Key,update_user,REFERENCES users(id)
afiliades,Foreign Key,delete_user,REFERENCES users(id)
afiliades,Foreign Key,seccio_sindical,REFERENCES seccions_sindicals(id)
afiliades,Foreign Key,tipus_seguiment,REFERENCES tipus_sseguiment(id)
afiliada_historic_regims,Column,id,SERIAL PRIMARY KEY
afiliada_historic_regims,Column,parent_id,INTEGER NOT NULL
afiliada_historic_regims,Column,regim,VARCHAR(1)
afiliada_historic_regims,Column,regim_altres,VARCHAR(50)
afiliada_historic_regims,Column,pis,INTEGER
afiliada_historic_regims,Column,adreca_no_normalitzada,SMALLINT
afiliada_historic_regims,Column,adreca_no_normalitzada_text,VARCHAR(400)
afiliada_historic_regims,Column,data_inici_contracte,TIMESTAMP
afiliada_historic_regims,Column,contracte_indefinit,SMALLINT
afiliada_historic_regims,Column,durada_contracte,NUMERIC(2,0)
afiliada_historic_regims,Column,durada_contracte_prorrogues,NUMERIC(1,0)
afiliada_historic_regims,Column,renda_contracte,NUMERIC(6,2)
afiliada_historic_regims,Column,num_habitants,NUMERIC(2,0)
afiliada_historic_regims,Column,ingressos_mensuals,NUMERIC(7,2)
afiliada_historic_regims,Column,data_fi_regim,TIMESTAMP NOT NULL
afiliada_historic_regims,Column,create_user,INTEGER NOT NULL
afiliada_historic_regims,Column,update_user,INTEGER NOT NULL
afiliada_historic_regims,Column,create_timestamp,TIMESTAMP NOT NULL DEFAULT CURRENT_TIMESTAMP
afiliada_historic_regims,Column,update_timestamp,TIMESTAMP NOT NULL
afiliada_historic_regims,Foreign Key,parent_id,REFERENCES afiliades(id)
afiliada_historic_regims,Foreign Key,pis,REFERENCES pisos(id)
afiliada_historic_regims,Foreign Key,create_user,REFERENCES users(id)
afiliada_historic_regims,Foreign Key,update_user,REFERENCES users(id)
no_afiliades,Column,id,SERIAL PRIMARY KEY
no_afiliades,Column,persona,INTEGER NOT NULL
no_afiliades,Column,regim,VARCHAR(1)
no_afiliades,Column,regim_altres,VARCHAR(50)
no_afiliades,Column,pis,INTEGER
no_afiliades,Column,data_inici_contracte,TIMESTAMP
no_afiliades,Column,durada_contracte,NUMERIC(2,0)
no_afiliades,Column,renda_contracte,NUMERIC(6,2)
no_afiliades,Column,num_habitants,NUMERIC(2,0)
no_afiliades,Column,ingressos_mensuals,NUMERIC(7,2)
no_afiliades,Column,collectiu,INTEGER NOT NULL
no_afiliades,Column,owner_user,INTEGER NOT NULL
no_afiliades,Column,owner_group,INTEGER NOT NULL
no_afiliades,Column,create_user,INTEGER NOT NULL
no_afiliades,Column,update_user,INTEGER NOT NULL
no_afiliades,Column,delete_user,INTEGER
no_afiliades,Column,create_timestamp,TIMESTAMP NOT NULL DEFAULT CURRENT_TIMESTAMP
no_afiliades,Column,update_timestamp,TIMESTAMP NOT NULL
no_afiliades,Column,delete_timestamp,TIMESTAMP
no_afiliades,Column,active,BOOLEAN NOT NULL DEFAULT TRUE
no_afiliades,Column,data_alta,TIMESTAMP
no_afiliades,Column,doble_afiliada,SMALLINT DEFAULT 0
no_afiliades,Column,tipus_id,VARCHAR(1) NOT NULL DEFAULT 'C'
no_afiliades,Column,cif,VARCHAR(20) UNIQUE
no_afiliades,Column,pais,VARCHAR(20)
no_afiliades,Column,forma_pagament,VARCHAR(1)
no_afiliades,Column,frequencia_pagament,VARCHAR(1)
no_afiliades,Column,compte_corrent,VARCHAR(24)
no_afiliades,Column,quota,NUMERIC(5,2)
no_afiliades,Foreign Key,persona,REFERENCES persones(id)
no_afiliades,Foreign Key,collectiu,REFERENCES collectius(id)
no_afiliades,Foreign Key,owner_user,REFERENCES users(id)
no_afiliades,Foreign Key,owner_group,REFERENCES "groups"(id)
no_afiliades,Foreign Key,create_user,REFERENCES users(id)
no_afiliades,Foreign Key,update_user,REFERENCES users(id)
no_afiliades,Foreign Key,delete_user,REFERENCES users(id)
simpatitzants,Column,id,SERIAL PRIMARY KEY
simpatitzants,Column,cif,VARCHAR(20) NOT NULL UNIQUE
simpatitzants,Column,persona,INTEGER NOT NULL
simpatitzants,Column,status,VARCHAR(50) NOT NULL
simpatitzants,Column,data_alta,TIMESTAMP NOT NULL
simpatitzants,Column,data_baixa,TIMESTAMP
simpatitzants,Column,observacions_estat,TEXT
simpatitzants,Column,origen_afiliacio,INTEGER
simpatitzants,Column,seccio_sindical,INTEGER NOT NULL
simpatitzants,Column,nivell_participacio,INTEGER
simpatitzants,Column,comissio,INTEGER
simpatitzants,Column,regim,VARCHAR(1)
simpatitzants,Column,regim_altres,VARCHAR(50)
simpatitzants,Column,pis,INTEGER
simpatitzants,Column,data_inici_contracte,TIMESTAMP
simpatitzants,Column,contracte_indefinit,SMALLINT
simpatitzants,Column,durada_contracte,NUMERIC(2,0)
simpatitzants,Column,durada_contracte_prorrogues,NUMERIC(1,0)
simpatitzants,Column,renda_contracte,NUMERIC(6,2)
simpatitzants,Column,num_habitants,NUMERIC(2,0)
simpatitzants,Column,ingressos_mensuals,NUMERIC(7,2)
simpatitzants,Column,collectiu,INTEGER
simpatitzants,Column,comentaris,TEXT
simpatitzants,Column,owner_user,INTEGER NOT NULL
simpatitzants,Column,owner_group,INTEGER NOT NULL
simpatitzants,Column,create_user,INTEGER NOT NULL
simpatitzants,Column,update_user,INTEGER NOT NULL
simpatitzants,Column,delete_user,INTEGER
simpatitzants,Column,create_timestamp,TIMESTAMP NOT NULL DEFAULT CURRENT_TIMESTAMP
simpatitzants,Column,update_timestamp,TIMESTAMP NOT NULL
simpatitzants,Column,delete_timestamp,TIMESTAMP
simpatitzants,Column,active,BOOLEAN NOT NULL DEFAULT TRUE
simpatitzants,Foreign Key,persona,REFERENCES persones(id)
simpatitzants,Foreign Key,origen_afiliacio,REFERENCES origens_afiliacio(id)
simpatitzants,Foreign Key,seccio_sindical,REFERENCES seccions_sindicals(id)
simpatitzants,Foreign Key,nivell_participacio,REFERENCES nivells_participacio(id)
simpatitzants,Foreign Key,comissio,REFERENCES comissions(id)
simpatitzants,Foreign Key,pis,REFERENCES pisos(id)
simpatitzants,Foreign Key,collectiu,REFERENCES collectius(id)
simpatitzants,Foreign Key,owner_user,REFERENCES users(id)
simpatitzants,Foreign Key,owner_group,REFERENCES "groups"(id)
simpatitzants,Foreign Key,create_user,REFERENCES users(id)
simpatitzants,Foreign Key,update_user,REFERENCES users(id)
simpatitzants,Foreign Key,delete_user,REFERENCES users(id)
simpatitzant_historic_regims,Column,id,SERIAL PRIMARY KEY
simpatitzant_historic_regims,Column,parent_id,INTEGER NOT NULL
simpatitzant_historic_regims,Column,regim,VARCHAR(1)
simpatitzant_historic_regims,Column,regim_altres,VARCHAR(50)
simpatitzant_historic_regims,Column,pis,INTEGER
simpatitzant_historic_regims,Column,data_inici_contracte,TIMESTAMP
simpatitzant_historic_regims,Column,contracte_indefinit,SMALLINT
simpatitzant_historic_regims,Column,durada_contracte,NUMERIC(2,0)
simpatitzant_historic_regims,Column,durada_contracte_prorrogues,NUMERIC(1,0)
simpatitzant_historic_regims,Column,renda_contracte,NUMERIC(6,2)
simpatitzant_historic_regims,Column,num_habitants,NUMERIC(2,0)
simpatitzant_historic_regims,Column,ingressos_mensuals,NUMERIC(7,2)
simpatitzant_historic_regims,Column,data_fi_regim,TIMESTAMP NOT NULL
simpatitzant_historic_regims,Column,create_user,INTEGER NOT NULL
simpatitzant_historic_regims,Column,update_user,INTEGER NOT NULL
simpatitzant_historic_regims,Column,create_timestamp,TIMESTAMP NOT NULL DEFAULT CURRENT_TIMESTAMP
simpatitzant_historic_regims,Column,update_timestamp,TIMESTAMP NOT NULL
simpatitzant_historic_regims,Foreign Key,parent_id,REFERENCES simpatitzants(id)
simpatitzant_historic_regims,Foreign Key,pis,REFERENCES pisos(id)
simpatitzant_historic_regims,Foreign Key,create_user,REFERENCES users(id)
simpatitzant_historic_regims,Foreign Key,update_user,REFERENCES users(id)
causes_conflicte,Column,id,SERIAL PRIMARY KEY
causes_conflicte,Column,nom,VARCHAR(50) NOT NULL UNIQUE
causes_conflicte,Column,owner_user,INTEGER NOT NULL
causes_conflicte,Column,owner_group,INTEGER NOT NULL
causes_conflicte,Column,create_user,INTEGER NOT NULL
causes_conflicte,Column,update_user,INTEGER NOT NULL
causes_conflicte,Column,delete_user,INTEGER
causes_conflicte,Column,create_timestamp,TIMESTAMP NOT NULL DEFAULT CURRENT_TIMESTAMP
causes_conflicte,Column,update_timestamp,TIMESTAMP NOT NULL
causes_conflicte,Column,delete_timestamp,TIMESTAMP
causes_conflicte,Column,active,BOOLEAN NOT NULL DEFAULT TRUE
causes_conflicte,Foreign Key,owner_user,REFERENCES users(id)
causes_conflicte,Foreign Key,owner_group,REFERENCES "groups"(id)
causes_conflicte,Foreign Key,create_user,REFERENCES users(id)
causes_conflicte,Foreign Key,update_user,REFERENCES users(id)
causes_conflicte,Foreign Key,delete_user,REFERENCES users(id)
resolucions_conflicte,Column,id,SERIAL PRIMARY KEY
resolucions_conflicte,Column,parent_id,INTEGER NOT NULL
resolucions_conflicte,Column,nom,VARCHAR(50) NOT NULL
resolucions_conflicte,Column,resultat,VARCHAR(1) NOT NULL
resolucions_conflicte,Column,create_user,INTEGER NOT NULL
resolucions_conflicte,Column,update_user,INTEGER NOT NULL
resolucions_conflicte,Column,create_timestamp,TIMESTAMP NOT NULL DEFAULT CURRENT_TIMESTAMP
resolucions_conflicte,Column,update_timestamp,TIMESTAMP NOT NULL
resolucions_conflicte,Column,unique_constraint,UNIQUE (parent_id, nom)
resolucions_conflicte,Foreign Key,parent_id,REFERENCES causes_conflicte(id)
resolucions_conflicte,Foreign Key,create_user,REFERENCES users(id)
resolucions_conflicte,Foreign Key,update_user,REFERENCES users(id)
conflictes,Column,id,SERIAL PRIMARY KEY
conflictes,Column,status,VARCHAR(50) NOT NULL
conflictes,Column,ambit,VARCHAR(1) NOT NULL
conflictes,Column,afiliada_afectada,INTEGER
conflictes,Column,bloc_afectat,INTEGER
conflictes,Column,entramat_afectat,INTEGER
conflictes,Column,delegada,INTEGER
conflictes,Column,causa,INTEGER NOT NULL
conflictes,Column,data_obertura,TIMESTAMP NOT NULL
conflictes,Column,data_darrera_assamblea,TIMESTAMP
conflictes,Column,data_hivernacio,TIMESTAMP
conflictes,Column,data_tancament,TIMESTAMP
conflictes,Column,data_proper_desnonament,TIMESTAMP
conflictes,Column,demanda,SMALLINT
conflictes,Column,registre_propietat,SMALLINT
conflictes,Column,assemblea,SMALLINT
conflictes,Column,carta_enviada,SMALLINT
conflictes,Column,embustiada,SMALLINT
conflictes,Column,accions,SMALLINT
conflictes,Column,accions_descripcio,VARCHAR(400)
conflictes,Column,resolucio,INTEGER
conflictes,Column,owner_user,INTEGER NOT NULL
conflictes,Column,owner_group,INTEGER NOT NULL
conflictes,Column,create_user,INTEGER NOT NULL
conflictes,Column,update_user,INTEGER NOT NULL
conflictes,Column,delete_user,INTEGER
conflictes,Column,create_timestamp,TIMESTAMP NOT NULL DEFAULT CURRENT_TIMESTAMP
conflictes,Column,update_timestamp,TIMESTAMP NOT NULL
conflictes,Column,delete_timestamp,TIMESTAMP
conflictes,Column,active,BOOLEAN NOT NULL DEFAULT TRUE
conflictes,Column,agrupacio_blocs_afectada,INTEGER
conflictes,Column,no_afiliada_afectada,INTEGER
conflictes,Column,oficina_habitatge,SMALLINT
conflictes,Column,serveis_socials,SMALLINT
conflictes,Column,justicia_gratuita,SMALLINT
conflictes,Column,taula_emergencia,SMALLINT
conflictes,Column,padro_municipal,SMALLINT
conflictes,Column,informe_exclusio_residencial,SMALLINT
conflictes,Column,afiliades_delegades,TEXT
conflictes,Column,trucada_propietat,SMALLINT
conflictes,Column,simpatitzant_afectada,INTEGER
conflictes,Column,informe_vulnerabilitat,SMALLINT
conflictes,Column,reunions_negociacio,SMALLINT
conflictes,Foreign Key,afiliada_afectada,REFERENCES afiliades(id)
conflictes,Foreign Key,bloc_afectat,REFERENCES blocs(id)
conflictes,Foreign Key,entramat_afectat,REFERENCES entramats(id)
conflictes,Foreign Key,delegada,REFERENCES users(id)
conflictes,Foreign Key,causa,REFERENCES causes_conflicte(id)
conflictes,Foreign Key,resolucio,REFERENCES resolucions_conflicte(id)
conflictes,Foreign Key,owner_user,REFERENCES users(id)
conflictes,Foreign Key,owner_group,REFERENCES "groups"(id)
conflictes,Foreign Key,create_user,REFERENCES users(id)
conflictes,Foreign Key,update_user,REFERENCES users(id)
conflictes,Foreign Key,delete_user,REFERENCES users(id)
conflictes,Foreign Key,agrupacio_blocs_afectada,REFERENCES agrupacions_blocs(id)
conflictes,Foreign Key,no_afiliada_afectada,REFERENCES no_afiliades(id)
conflictes,Foreign Key,simpatitzant_afectada,REFERENCES simpatitzants(id)
negociacions_conflicte,Column,id,SERIAL PRIMARY KEY
negociacions_conflicte,Column,parent_id,INTEGER NOT NULL
negociacions_conflicte,Column,data,TIMESTAMP NOT NULL
negociacions_conflicte,Column,estat,TEXT NOT NULL
negociacions_conflicte,Column,create_user,INTEGER NOT NULL
negociacions_conflicte,Column,update_user,INTEGER NOT NULL
negociacions_conflicte,Column,create_timestamp,TIMESTAMP NOT NULL DEFAULT CURRENT_TIMESTAMP
negociacions_conflicte,Column,update_timestamp,TIMESTAMP NOT NULL
negociacions_conflicte,Column,tasques,TEXT
negociacions_conflicte,Foreign Key,parent_id,REFERENCES conflictes(id)
negociacions_conflicte,Foreign Key,create_user,REFERENCES users(id)
negociacions_conflicte,Foreign Key,update_user,REFERENCES users(id)
afiliades_delegades_conflicte,Column,id,SERIAL PRIMARY KEY
afiliades_delegades_conflicte,Column,parent_id,INTEGER NOT NULL
afiliades_delegades_conflicte,Column,child_id,INTEGER NOT NULL
afiliades_delegades_conflicte,Column,create_user,INTEGER NOT NULL
afiliades_delegades_conflicte,Column,create_timestamp,TIMESTAMP NOT NULL DEFAULT CURRENT_TIMESTAMP
afiliades_delegades_conflicte,Column,unique_constraint,UNIQUE (parent_id, child_id)
afiliades_delegades_conflicte,Foreign Key,parent_id,REFERENCES conflictes(id)
afiliades_delegades_conflicte,Foreign Key,child_id,REFERENCES afiliades(id)
afiliades_delegades_conflicte,Foreign Key,create_user,REFERENCES users(id)
changes_log,Column,id,SERIAL PRIMARY KEY
changes_log,Column,object,VARCHAR(200) NOT NULL
changes_log,Column,object_id,INTEGER NOT NULL
changes_log,Column,child_table,VARCHAR(50)
changes_log,Column,child_table_id,INTEGER
changes_log,Column,operation,VARCHAR(1)
changes_log,Column,timestamp,TIMESTAMP NOT NULL
changes_log,Column,"user",INTEGER NOT NULL
changes_log,Column,changes,TEXT NOT NULL
changes_log,Foreign Key,"user",REFERENCES users(id)
collectius,Column,id,SERIAL PRIMARY KEY
collectius,Column,nom,VARCHAR(200) NOT NULL
collectius,Column,descripcio,TEXT
collectius,Column,email,VARCHAR(150) NOT NULL
collectius,Column,telefon,VARCHAR(50)
collectius,Column,persona_contacte,VARCHAR(200)
collectius,Column,telefon_persona_contacte,VARCHAR(50)
collectius,Column,owner_user,INTEGER NOT NULL
collectius,Column,owner_group,INTEGER NOT NULL
collectius,Column,create_user,INTEGER NOT NULL
collectius,Column,update_user,INTEGER NOT NULL
collectius,Column,delete_user,INTEGER
collectius,Column,create_timestamp,TIMESTAMP NOT NULL DEFAULT CURRENT_TIMESTAMP
collectius,Column,update_timestamp,TIMESTAMP NOT NULL
collectius,Column,delete_timestamp,TIMESTAMP
collectius,Column,active,BOOLEAN NOT NULL DEFAULT TRUE
collectius,Column,cobraments,SMALLINT DEFAULT 0
collectius,Column,assessoraments,SMALLINT DEFAULT 0
collectius,Column,quota,NUMERIC(5,2)
collectius,Column,num_serie,VARCHAR(8)
collectius,Column,domiciliacions,SMALLINT DEFAULT 0
collectius,Foreign Key,owner_user,REFERENCES users(id)
collectius,Foreign Key,owner_group,REFERENCES "groups"(id)
collectius,Foreign Key,create_user,REFERENCES users(id)
collectius,Foreign Key,update_user,REFERENCES users(id)
collectius,Foreign Key,delete_user,REFERENCES users(id)
colaboradores_collectiu,Column,id,SERIAL PRIMARY KEY
colaboradores_collectiu,Column,parent_id,INTEGER NOT NULL
colaboradores_collectiu,Column,child_id,INTEGER NOT NULL
colaboradores_collectiu,Column,create_user,INTEGER NOT NULL
colaboradores_collectiu,Column,create_timestamp,TIMESTAMP NOT NULL DEFAULT CURRENT_TIMESTAMP
colaboradores_collectiu,Column,unique_constraint,UNIQUE (parent_id, child_id)
colaboradores_collectiu,Foreign Key,parent_id,REFERENCES collectius(id)
colaboradores_collectiu,Foreign Key,child_id,REFERENCES users(id)
colaboradores_collectiu,Foreign Key,create_user,REFERENCES users(id)
assessoraments,Column,id,SERIAL PRIMARY KEY
assessoraments,Column,afiliada,INTEGER
assessoraments,Column,tipus,INTEGER NOT NULL
assessoraments,Column,tecnica,INTEGER
assessoraments,Column,data_assessorament,TIMESTAMP
assessoraments,Column,descripcio,TEXT
assessoraments,Column,comentaris,TEXT
assessoraments,Column,owner_user,INTEGER NOT NULL
assessoraments,Column,owner_group,INTEGER NOT NULL
assessoraments,Column,create_user,INTEGER NOT NULL
assessoraments,Column,update_user,INTEGER NOT NULL
assessoraments,Column,delete_user,INTEGER
assessoraments,Column,create_timestamp,TIMESTAMP NOT NULL DEFAULT CURRENT_TIMESTAMP
assessoraments,Column,update_timestamp,TIMESTAMP NOT NULL
assessoraments,Column,delete_timestamp,TIMESTAMP
assessoraments,Column,active,BOOLEAN NOT NULL DEFAULT TRUE
assessoraments,Column,status,VARCHAR(50) NOT NULL
assessoraments,Column,data_contacte,TIMESTAMP
assessoraments,Column,data_finalitzacio,TIMESTAMP
assessoraments,Column,resultat,INTEGER
assessoraments,Column,tipus_beneficiaria,VARCHAR(1) NOT NULL DEFAULT 'A'
assessoraments,Column,no_afiliada,INTEGER
assessoraments,Foreign Key,afiliada,REFERENCES afiliades(id)
assessoraments,Foreign Key,tipus,REFERENCES tipus_assessoraments(id)
assessoraments,Foreign Key,tecnica,REFERENCES tecniques(id)
assessoraments,Foreign Key,owner_user,REFERENCES users(id)
assessoraments,Foreign Key,owner_group,REFERENCES "groups"(id)
assessoraments,Foreign Key,create_user,REFERENCES users(id)
assessoraments,Foreign Key,update_user,REFERENCES users(id)
assessoraments,Foreign Key,delete_user,REFERENCES users(id)
assessoraments,Foreign Key,resultat,REFERENCES resultats_assessoraments(id)
assessoraments,Foreign Key,no_afiliada,REFERENCES no_afiliades(id)
resultats_assessoraments,Column,id,SERIAL PRIMARY KEY
resultats_assessoraments,Column,nom,VARCHAR(50) NOT NULL UNIQUE
resultats_assessoraments,Column,owner_user,INTEGER NOT NULL
resultats_assessoraments,Column,owner_group,INTEGER NOT NULL
resultats_assessoraments,Column,create_user,INTEGER NOT NULL
resultats_assessoraments,Column,update_user,INTEGER NOT NULL
resultats_assessoraments,Column,delete_user,INTEGER
resultats_assessoraments,Column,create_timestamp,TIMESTAMP NOT NULL DEFAULT CURRENT_TIMESTAMP
resultats_assessoraments,Column,update_timestamp,TIMESTAMP NOT NULL
resultats_assessoraments,Column,delete_timestamp,TIMESTAMP
resultats_assessoraments,Column,active,BOOLEAN NOT NULL DEFAULT TRUE
resultats_assessoraments,Foreign Key,owner_user,REFERENCES users(id)
resultats_assessoraments,Foreign Key,owner_group,REFERENCES "groups"(id)
resultats_assessoraments,Foreign Key,create_user,REFERENCES users(id)
resultats_assessoraments,Column,update_user,INTEGER NOT NULL
resultats_assessoraments,Foreign Key,update_user,REFERENCES users(id)
resultats_assessoraments,Foreign Key,delete_user,REFERENCES users(id)
tipus_assessoraments,Column,id,SERIAL PRIMARY KEY
tipus_assessoraments,Column,nom,VARCHAR(50) NOT NULL UNIQUE
tipus_assessoraments,Column,owner_user,INTEGER NOT NULL
tipus_assessoraments,Column,owner_group,INTEGER NOT NULL
tipus_assessoraments,Column,create_user,INTEGER NOT NULL
tipus_assessoraments,Column,update_user,INTEGER NOT NULL
tipus_assessoraments,Column,delete_user,INTEGER
tipus_assessoraments,Column,create_timestamp,TIMESTAMP NOT NULL DEFAULT CURRENT_TIMESTAMP
tipus_assessoraments,Column,update_timestamp,TIMESTAMP NOT NULL
tipus_assessoraments,Column,delete_timestamp,TIMESTAMP
tipus_assessoraments,Column,active,BOOLEAN NOT NULL DEFAULT TRUE
tipus_assessoraments,Foreign Key,owner_user,REFERENCES users(id)
tipus_assessoraments,Foreign Key,owner_group,REFERENCES "groups"(id)
tipus_assessoraments,Foreign Key,create_user,REFERENCES users(id)
tipus_assessoraments,Foreign Key,update_user,REFERENCES users(id)
tipus_assessoraments,Foreign Key,delete_user,REFERENCES users(id)
tecniques,Column,id,SERIAL PRIMARY KEY
tecniques,Column,nom,VARCHAR(200) NOT NULL UNIQUE
tecniques,Column,email,VARCHAR(150) NOT NULL
tecniques,Column,telefon,VARCHAR(50)
tecniques,Column,especialitat,INTEGER NOT NULL
tecniques,Column,owner_user,INTEGER NOT NULL
tecniques,Column,owner_group,INTEGER NOT NULL
tecniques,Column,create_user,INTEGER NOT NULL
tecniques,Column,update_user,INTEGER NOT NULL
tecniques,Column,delete_user,INTEGER
tecniques,Column,create_timestamp,TIMESTAMP NOT NULL DEFAULT CURRENT_TIMESTAMP
tecniques,Column,update_timestamp,TIMESTAMP NOT NULL
tecniques,Column,delete_timestamp,TIMESTAMP
tecniques,Column,active,BOOLEAN NOT NULL DEFAULT TRUE
tecniques,Foreign Key,especialitat,REFERENCES especialitats(id)
tecniques,Foreign Key,owner_user,REFERENCES users(id)
tecniques,Foreign Key,owner_group,REFERENCES "groups"(id)
tecniques,Foreign Key,create_user,REFERENCES users(id)
tecniques,Foreign Key,update_user,REFERENCES users(id)
tecniques,Foreign Key,delete_user,REFERENCES users(id)
especialitats,Column,id,SERIAL PRIMARY KEY
especialitats,Column,nom,VARCHAR(50) NOT NULL UNIQUE
especialitats,Column,owner_user,INTEGER NOT NULL
especialitats,Column,owner_group,INTEGER NOT NULL
especialitats,Column,create_user,INTEGER NOT NULL
especialitats,Column,update_user,INTEGER NOT NULL
especialitats,Column,delete_user,INTEGER
especialitats,Column,create_timestamp,TIMESTAMP NOT NULL DEFAULT CURRENT_TIMESTAMP
especialitats,Column,update_timestamp,TIMESTAMP NOT NULL
especialitats,Column,delete_timestamp,TIMESTAMP
especialitats,Column,active,BOOLEAN NOT NULL DEFAULT TRUE
especialitats,Foreign Key,owner_user,REFERENCES users(id)
especialitats,Foreign Key,owner_group,REFERENCES "groups"(id)
especialitats,Foreign Key,create_user,REFERENCES users(id)
especialitats,Foreign Key,update_user,REFERENCES users(id)
especialitats,Foreign Key,delete_user,REFERENCES users(id)
assessorament_documents,Column,id,SERIAL PRIMARY KEY
assessorament_documents,Column,parent_id,INTEGER NOT NULL
assessorament_documents,Column,document,INTEGER NOT NULL
assessorament_documents,Column,create_user,INTEGER NOT NULL
assessorament_documents,Column,update_user,INTEGER NOT NULL
assessorament_documents,Column,create_timestamp,TIMESTAMP NOT NULL DEFAULT CURRENT_TIMESTAMP
assessorament_documents,Column,update_timestamp,TIMESTAMP NOT NULL
assessorament_documents,Foreign Key,parent_id,REFERENCES assessoraments(id)
assessorament_documents,Foreign Key,document,REFERENCES medias(id)
assessorament_documents,Foreign Key,create_user,REFERENCES users(id)
assessorament_documents,Foreign Key,update_user,REFERENCES users(id)
medias,Column,id,SERIAL PRIMARY KEY
medias,Column,file_name,VARCHAR(400) NOT NULL
medias,Column,hash,VARCHAR(100) NOT NULL UNIQUE
medias,Column,title,VARCHAR(100) NOT NULL
medias,Column,description,VARCHAR(500)
medias,Column,is_image,SMALLINT
medias,Column,is_public,SMALLINT
medias,Column,file_size,NUMERIC(12,0) NOT NULL
medias,Column,image_width,NUMERIC(5,0)
medias,Column,image_height,NUMERIC(5,0)
medias,Column,mime_type,VARCHAR(100) NOT NULL
medias,Column,owner_user,INTEGER NOT NULL
medias,Column,owner_group,INTEGER NOT NULL
medias,Column,create_user,INTEGER NOT NULL
medias,Column,update_user,INTEGER NOT NULL
medias,Column,delete_user,INTEGER
medias,Column,create_timestamp,TIMESTAMP NOT NULL DEFAULT CURRENT_TIMESTAMP
medias,Column,update_timestamp,TIMESTAMP NOT NULL
medias,Column,delete_timestamp,TIMESTAMP
medias,Column,active,BOOLEAN NOT NULL DEFAULT TRUE
medias,Column,image_quality,INTEGER DEFAULT 1
medias,Foreign Key,owner_user,REFERENCES users(id)
medias,Foreign Key,owner_group,REFERENCES "groups"(id)
medias,Foreign Key,create_user,REFERENCES users(id)
medias,Foreign Key,update_user,REFERENCES users(id)
medias,Foreign Key,delete_user,REFERENCES users(id)
domiciliacions,Column,id,SERIAL PRIMARY KEY
domiciliacions,Column,data_emissio,TIMESTAMP
domiciliacions,Column,fitxer,INTEGER
domiciliacions,Column,owner_user,INTEGER NOT NULL
domiciliacions,Column,owner_group,INTEGER NOT NULL
domiciliacions,Column,create_user,INTEGER NOT NULL
domiciliacions,Column,update_user,INTEGER NOT NULL
domiciliacions,Column,delete_user,INTEGER
domiciliacions,Column,create_timestamp,TIMESTAMP NOT NULL DEFAULT CURRENT_TIMESTAMP
domiciliacions,Column,update_timestamp,TIMESTAMP NOT NULL
domiciliacions,Column,delete_timestamp,TIMESTAMP
domiciliacions,Column,active,BOOLEAN NOT NULL DEFAULT TRUE
domiciliacions,Foreign Key,fitxer,REFERENCES medias(id)
domiciliacions,Foreign Key,owner_user,REFERENCES users(id)
domiciliacions,Foreign Key,owner_group,REFERENCES "groups"(id)
domiciliacions,Foreign Key,create_user,REFERENCES users(id)
domiciliacions,Foreign Key,update_user,REFERENCES users(id)
domiciliacions,Foreign Key,delete_user,REFERENCES users(id)
directius,Column,id,SERIAL PRIMARY KEY
directius,Column,nom,VARCHAR(200) NOT NULL
directius,Column,descripcio,TEXT
directius,Column,owner_user,INTEGER NOT NULL
directius,Column,owner_group,INTEGER NOT NULL
directius,Column,create_user,INTEGER NOT NULL
directius,Column,update_user,INTEGER NOT NULL
directius,Column,delete_user,INTEGER
directius,Column,create_timestamp,TIMESTAMP NOT NULL DEFAULT CURRENT_TIMESTAMP
directius,Column,update_timestamp,TIMESTAMP NOT NULL
directius,Column,delete_timestamp,TIMESTAMP
directius,Column,active,BOOLEAN NOT NULL DEFAULT TRUE
directius,Foreign Key,owner_user,REFERENCES users(id)
directius,Foreign Key,owner_group,REFERENCES "groups"(id)
directius,Foreign Key,create_user,REFERENCES users(id)
directius,Foreign Key,update_user,REFERENCES users(id)
directius,Foreign Key,delete_user,REFERENCES users(id)
directius_empresa,Column,id,SERIAL PRIMARY KEY
directius_empresa,Column,parent_id,INTEGER NOT NULL
directius_empresa,Column,child_id,INTEGER NOT NULL
directius_empresa,Column,create_user,INTEGER NOT NULL
directius_empresa,Column,create_timestamp,TIMESTAMP NOT NULL DEFAULT CURRENT_TIMESTAMP
directius_empresa,Column,unique_constraint,UNIQUE (parent_id, child_id)
directius_empresa,Foreign Key,parent_id,REFERENCES empresas(id)
directius_empresa,Foreign Key,child_id,REFERENCES directius(id)
directius_empresa,Foreign Key,create_user,REFERENCES users(id)
entramats,Column,id,SERIAL PRIMARY KEY
entramats,Column,nom,VARCHAR(50) NOT NULL UNIQUE
entramats,Column,descripcio,TEXT
entramats,Column,owner_user,INTEGER NOT NULL
entramats,Column,owner_group,INTEGER NOT NULL
entramats,Column,create_user,INTEGER NOT NULL
entramats,Column,update_user,INTEGER NOT NULL
entramats,Column,delete_user,INTEGER
entramats,Column,create_timestamp,TIMESTAMP NOT NULL DEFAULT CURRENT_TIMESTAMP
entramats,Column,update_timestamp,TIMESTAMP NOT NULL
entramats,Column,delete_timestamp,TIMESTAMP
entramats,Column,active,BOOLEAN NOT NULL DEFAULT TRUE
entramats,Foreign Key,owner_user,REFERENCES users(id)
entramats,Foreign Key,owner_group,REFERENCES "groups"(id)
entramats,Foreign Key,create_user,REFERENCES users(id)
entramats,Foreign Key,update_user,REFERENCES users(id)
entramats,Foreign Key,delete_user,REFERENCES users(id)
pisos_entramat,Column,id,SERIAL PRIMARY KEY
pisos_entramat,Column,parent_id,INTEGER NOT NULL
pisos_entramat,Column,child_id,INTEGER NOT NULL
pisos_entramat,Column,create_user,INTEGER NOT NULL
pisos_entramat,Column,create_timestamp,TIMESTAMP NOT NULL DEFAULT CURRENT_TIMESTAMP
pisos_entramat,Column,unique_constraint,UNIQUE (parent_id, child_id)
pisos_entramat,Foreign Key,parent_id,REFERENCES entramats(id)
pisos_entramat,Foreign Key,child_id,REFERENCES pisos(id)
pisos_entramat,Foreign Key,create_user,REFERENCES users(id)
sollicituds,Column,id,SERIAL PRIMARY KEY
sollicituds,Column,status,VARCHAR(50) NOT NULL
sollicituds,Column,genere,VARCHAR(1)
sollicituds,Column,nom,VARCHAR(100)
sollicituds,Column,cognoms,VARCHAR(100)
sollicituds,Column,email,VARCHAR(150)
sollicituds,Column,telefon,VARCHAR(50)
sollicituds,Column,butlleti,SMALLINT
sollicituds,Column,cif,VARCHAR(20)
sollicituds,Column,data_alta,TIMESTAMP
sollicituds,Column,origen_afiliacio,INTEGER
sollicituds,Column,forma_pagament,VARCHAR(1)
sollicituds,Column,compte_corrent,VARCHAR(24)
sollicituds,Column,quota,NUMERIC(5,2)
sollicituds,Column,regim,VARCHAR(1)
sollicituds,Column,regim_altres,VARCHAR(50)
sollicituds,Column,google_id_original,TEXT
sollicituds,Column,adreca_original,VARCHAR(400)
sollicituds,Column,municipi_original,VARCHAR(200)
sollicituds,Column,codi_postal_original,VARCHAR(5)
sollicituds,Column,google_id,TEXT
sollicituds,Column,adreca,VARCHAR(400)
sollicituds,Column,nom_via,VARCHAR(200)
sollicituds,Column,numero,VARCHAR(20)
sollicituds,Column,municipi,INTEGER
sollicituds,Column,codi_postal,VARCHAR(5)
sollicituds,Column,escala,VARCHAR(10)
sollicituds,Column,pis,VARCHAR(50)
sollicituds,Column,porta,VARCHAR(10)
sollicituds,Column,complement,VARCHAR(50)
sollicituds,Column,any_construccio,NUMERIC(4,0)
sollicituds,Column,ascensor,VARCHAR(1)
sollicituds,Column,parquing,VARCHAR(1)
sollicituds,Column,estat_pis,INTEGER
sollicituds,Column,superficie,NUMERIC(3,0)
sollicituds,Column,cedula_habitabilitat,VARCHAR(1)
sollicituds,Column,certificat_energetic,VARCHAR(1)
sollicituds,Column,cif_api_original,VARCHAR(20)
sollicituds,Column,nom_api_original,VARCHAR(100)
sollicituds,Column,api,INTEGER
sollicituds,Column,cif_propietat_original,VARCHAR(20)
sollicituds,Column,nom_propietat_original,VARCHAR(100)
sollicituds,Column,propietat,INTEGER
sollicituds,Column,pis_data_inici_contracte,TIMESTAMP
sollicituds,Column,pis_durada_contracte,NUMERIC(2,0)
sollicituds,Column,pis_renda_contracte,NUMERIC(6,2)
sollicituds,Column,habitacio_renda_contracte,NUMERIC(6,2)
sollicituds,Column,pis_num_habitants,NUMERIC(2,0)
sollicituds,Column,habitacio_num_habitants,NUMERIC(2,0)
sollicituds,Column,pis_ingressos_mensuals,NUMERIC(7,2)
sollicituds,Column,habitacio_ingressos_mensuals,NUMERIC(7,2)
sollicituds,Column,owner_user,INTEGER NOT NULL
sollicituds,Column,owner_group,INTEGER NOT NULL
sollicituds,Column,create_user,INTEGER NOT NULL
sollicituds,Column,update_user,INTEGER NOT NULL
sollicituds,Column,delete_user,INTEGER
sollicituds,Column,create_timestamp,TIMESTAMP NOT NULL DEFAULT CURRENT_TIMESTAMP
sollicituds,Column,update_timestamp,TIMESTAMP NOT NULL
sollicituds,Column,delete_timestamp,TIMESTAMP
sollicituds,Column,active,BOOLEAN NOT NULL DEFAULT TRUE
sollicituds,Column,pis_contracte_indefinit,SMALLINT
sollicituds,Column,pis_durada_contracte_prorrogues,NUMERIC(1,0)
sollicituds,Column,comentaris,TEXT
sollicituds,Column,adreca_no_normalitzada,SMALLINT
sollicituds,Column,adreca_no_normalitzada_text,TEXT
sollicituds,Column,frequencia_pagament,VARCHAR(1)
sollicituds,Column,seccio_sindical,INTEGER
sollicituds,Column,no_rebre_info,SMALLINT
sollicituds,Column,propietat_vertical,VARCHAR(1)
sollicituds,Foreign Key,origen_afiliacio,REFERENCES origens_afiliacio(id)
sollicituds,Foreign Key,municipi,REFERENCES municipis(id)
sollicituds,Foreign Key,estat_pis,REFERENCES estats_habitatge(id)
sollicituds,Foreign Key,api,REFERENCES empresas(id)
sollicituds,Foreign Key,propietat,REFERENCES empresas(id)
sollicituds,Foreign Key,owner_user,REFERENCES users(id)
sollicituds,Foreign Key,owner_group,REFERENCES "groups"(id)
sollicituds,Foreign Key,create_user,REFERENCES users(id)
sollicituds,Foreign Key,update_user,REFERENCES users(id)
sollicituds,Foreign Key,delete_user,REFERENCES users(id)
sollicituds,Foreign Key,seccio_sindical,REFERENCES seccions_sindicals(id)
import_templates,Column,id,SERIAL PRIMARY KEY
import_templates,Column,import,VARCHAR(50) NOT NULL
import_templates,Column,name,VARCHAR(50) NOT NULL
import_templates,Column,content,TEXT
options,Column,id,SERIAL PRIMARY KEY
options,Column,section,VARCHAR(50) NOT NULL
options,Column,option_key,VARCHAR(200)
options,Column,option_value,VARCHAR(500)
options,Column,unique_constraint,UNIQUE (section, option_key)
serveis_juridics,Column,id,SERIAL PRIMARY KEY
serveis_juridics,Column,status,VARCHAR(50) NOT NULL
serveis_juridics,Column,afiliada,INTEGER NOT NULL
serveis_juridics,Column,tipus,INTEGER NOT NULL
serveis_juridics,Column,tecnica,INTEGER
serveis_juridics,Column,data_servei,TIMESTAMP
serveis_juridics,Column,preu,NUMERIC(5,2)
serveis_juridics,Column,descripcio,TEXT
serveis_juridics,Column,comentaris,TEXT
serveis_juridics,Column,resultat,VARCHAR(1)
serveis_juridics,Column,owner_user,INTEGER NOT NULL
serveis_juridics,Column,owner_group,INTEGER NOT NULL
serveis_juridics,Column,create_user,INTEGER NOT NULL
serveis_juridics,Column,update_user,INTEGER NOT NULL
serveis_juridics,Column,delete_user,INTEGER
serveis_juridics,Column,create_timestamp,TIMESTAMP NOT NULL DEFAULT CURRENT_TIMESTAMP
serveis_juridics,Column,update_timestamp,TIMESTAMP NOT NULL
serveis_juridics,Column,delete_timestamp,TIMESTAMP
serveis_juridics,Column,active,BOOLEAN NOT NULL DEFAULT TRUE
serveis_juridics,Foreign Key,afiliada,REFERENCES afiliades(id)
serveis_juridics,Foreign Key,tipus,REFERENCES tipus_serveis_juridics(id)
serveis_juridics,Foreign Key,tecnica,REFERENCES tecniques(id)
serveis_juridics,Foreign Key,owner_user,REFERENCES users(id)
serveis_juridics,Foreign Key,owner_group,REFERENCES "groups"(id)
serveis_juridics,Foreign Key,create_user,REFERENCES users(id)
serveis_juridics,Foreign Key,update_user,REFERENCES users(id)
serveis_juridics,Foreign Key,delete_user,REFERENCES users(id)
servei_juridic_documents,Column,update_timestamp,TIMESTAMP NOT NULL
servei_juridic_documents,Foreign Key,parent_id,REFERENCES serveis_juridics(id)
servei_juridic_documents,Foreign Key,document,REFERENCES medias(id)
servei_juridic_documents,Foreign Key,create_user,REFERENCES users(id)
servei_juridic_documents,Foreign Key,update_user,REFERENCES users(id)
tipus_serveis_juridics,Column,id,SERIAL PRIMARY KEY
tipus_serveis_juridics,Column,nom,VARCHAR(50) NOT NULL UNIQUE
tipus_serveis_juridics,Column,owner_user,INTEGER NOT NULL
tipus_serveis_juridics,Column,owner_group,INTEGER NOT NULL
tipus_serveis_juridics,Column,create_user,INTEGER NOT NULL
tipus_serveis_juridics,Column,update_user,INTEGER NOT NULL
tipus_serveis_juridics,Column,delete_user,INTEGER
tipus_serveis_juridics,Column,create_timestamp,TIMESTAMP NOT NULL DEFAULT CURRENT_TIMESTAMP
tipus_serveis_juridics,Column,update_timestamp,TIMESTAMP NOT NULL
tipus_serveis_juridics,Column,delete_timestamp,TIMESTAMP
tipus_serveis_juridics,Column,active,BOOLEAN NOT NULL DEFAULT TRUE
tipus_serveis_juridics,Foreign Key,owner_user,REFERENCES users(id)
tipus_serveis_juridics,Foreign Key,owner_group,REFERENCES "groups"(id)
tipus_serveis_juridics,Foreign Key,create_user,REFERENCES users(id)
tipus_serveis_juridics,Foreign Key,update_user,REFERENCES users(id)
tipus_serveis_juridics,Foreign Key,delete_user,REFERENCES users(id)